{
  "ret": true,
  "data": {
    "city": "北京",
    "swiperList": [{
        "id": "0001",
        "src": "http://img1.qunarzz.com/piao/fusion/1810/5d/b63d846958a4702.jpg_750x200_8129cfc3.jpg"
      }, {
        "id": "0002",
        "src": "http://img1.qunarzz.com/piao/fusion/1810/eb/5cacf42b59e91e02.jpg_750x200_9c0a77b0.jpg"
      }, {
        "id": "0003",
        "src": "http://img1.qunarzz.com/piao/fusion/1810/29/45722c73b5b66902.jpg_750x200_231ae61f.jpg"
      }, {
        "id": "0004",
        "src": "http://img1.qunarzz.com/piao/fusion/1809/c6/2467595fffc3b302.jpg_750x200_cca13d51.jpg"
      }],
    "iconList": [{
        "id": "0001",
        "iconSrc": "http://img1.qunarzz.com/piao/fusion/1803/95/f3dd6c383aeb3b02.png",
        "desc":" 热门景点有很多"
      }, {
        "id": "0002",
        "iconSrc": "http://img1.qunarzz.com/piao/fusion/1803/50/26ffa31b56646402.png",
        "desc": "海洋馆"
      }, {
        "id": "0003",
        "iconSrc": "http://img1.qunarzz.com/piao/fusion/1803/95/8246f27355943202.png",
        "desc": "游乐场"
      }, {
        "id": "0004",
        "iconSrc": "http://img1.qunarzz.com/piao/fusion/1803/ab/6f7d6e44963c9302.png",
        "desc": "泡温泉"
      }, {
        "id": "0005",
        "iconSrc": "http://img1.qunarzz.com/piao/fusion/1804/5a/13ceb38dcf262f02.png",
        "desc": "一日游"
      }, {
        "id": "0006",
        "iconSrc": "http://img1.qunarzz.com/piao/fusion/1804/ff/fdf170ee89594b02.png",
        "desc": "福州必游"
      }, {
        "id": "0007",
        "iconSrc": "http://img1.qunarzz.com/piao/fusion/1803/96/c70f1e85ae4a4f02.png",
        "desc": "武夷山"
      }, {
        "id": "0008",
        "iconSrc": "https://img1.qunarzz.com/piao/fusion/1803/20/831d62d2e1c7be02.png",
        "desc": "打卡圣地"
      }, {
        "id": "0009",
        "iconSrc": "https://img1.qunarzz.com/piao/fusion/1803/20/831d62d2e1c7be02.png",
        "desc": "打卡圣地"
      }],
    "recommendList": [{
        "id": "0001",
        "imgSrc": "http://img1.qunarzz.com/sight/p0/1809/cc/cc238b335afb8479a3.water.jpg_250x250_12bc1f4a.jpg",
        "title": "福州动物园世界",
        "desc": "浪漫福州首站，浪漫主题的动物园世界"
      }, {
        "id": "0002",
        "imgSrc": "http://img1.qunarzz.com/sight/p0/1506/f6/f6b727f036fe5d6d.water.jpg_250x250_d22ecf6b.jpg",
        "title": "鼓浪屿",
        "desc": "浪漫福州首站，浪漫主题的动物园世界"
      }, {
        "id": "0003",
        "imgSrc": "http://img1.qunarzz.com/sight/p0/1711/4f/4fba5e793fe8ef5ca3.img.jpg_250x250_856d43db.jpg",
        "title": "厦门园林植物园",
        "desc": "浪漫福州首站，浪漫主题的动物园世界"
      }, {
        "id": "0004",
        "imgSrc": "http://img1.qunarzz.com/sight/p0/1505/63/63ce24958e5e92e2.water.jpg_250x250_0a659250.jpg",
        "title": "三坊七巷",
        "desc": "浪漫福州首站，浪漫主题的动物园世界"
      }],
    "weekendList": [{
        "id": "0001",
        "imgSrc": "http://img1.qunarzz.com/sight/source/1509/b5/07bc81fc254ed6.jpg_r_640x214_8879c815.jpg",
        "title": "土楼不能说的秘密",
        "desc": "一座座神秘的建筑，一段段传奇的历史"
      }, {
        "id": "0002",
        "imgSrc": "http://img1.qunarzz.com/sight/source/1509/69/3f535648c26681.jpg_r_640x214_146b5b8e.jpg",
        "title": "秋意浓，来厦门",
        "desc": "这里的秋，多了一点柔情"
      }, {
        "id": "0003",
        "imgSrc": "http://img1.qunarzz.com/sight/source/1711/15/1cdd5ee885686b.jpg_r_640x214_46768064.jpg",
        "title": "厦门必游TOP10",
        "desc": "来厦门感受一把小资情调"
      }, {
        "id": "0004",
        "imgSrc": "http://img1.qunarzz.com/sight/source/1509/b3/197875fd646330.jpg_r_640x214_d089dccc.jpg",
        "title": "秋高气爽登高去",
        "desc": "来厦门感受一把小资情调"
      }, {
        "id": "0005",
        "imgSrc": "http://img1.qunarzz.com/sight/source/1505/fc/c9ac09bb08e382.jpg_r_640x214_6b9eb488.jpg",
        "title": "不一样的福州",
        "desc": "来厦门感受一把小资情调"
      }]
  }
}